name,server_ms,read_rows,read_bytes,roundtrip_ms,result_hash,stable_hash
metadata-show-tables,2.575276,82,5543,568.4637080000012,2c702aa114b520d71b5e10547d42fadba714fa6df95edba3946fe34597cc4d1b,True
metadata-describe-cancer_study,1.724919,24,3736,566.1971669999986,41c4265de853cabb8ed8bcba2a6f1c6fe013f2fe2d51170e806a0e157eddad37,True
metadata-describe-genomic_event_derived,1.37992,19,2563,548.2700000000023,44bdfc74f771a9175533d1969a3818e8790bfbdfdd0417763325b5947cfe11fd,True
metadata-describe-sample_to_gene_panel_derived,1.369283,5,459,539.4787920000042,b773791b18e6c88d0b482fb6dd1ec4d5433a89d2c081990f510ed0aeb82df45f,True
metadata-describe-clinical_data_derived,1.3817359999999999,7,1586,541.0477500000042,b090a014be5e2c0be69ba0fda6da4b2e0f3180184cd0ebc80855954caa1b49fa,True
metadata-describe-sample_derived,1.546266,12,969,590.9747499999937,fcec7d22692793873819ff6666235b022a2dca93917e2a3a632440985c122305,True
metadata-describe-gene,1.370819,4,307,543.3809170000075,b7ac98b15926f75d0fbc0d18c3677f350bafa7e2808a0f72871a17a29f6e6ec0,True
metadata-describe-genetic_profile,1.3964100000000002,12,963,555.8354159999936,1d87a9fbf4e1396e33db879307de2f84c42091d1dd69393426a3870580aaff7f,True
metadata-version-timezone,1.89601,1,1,546.5465409999979,42d867f9cde82e1e441e278cc91f39c9862ed404d9505fec8832bddaeffdc375,True
metadata-settings,42.751262,1609,603095,712.8579999999971,25dd4a0f127a132a61f4468af0fbf9f7bd1b944ac487c461c0acebcc957c93b8,True
inventory,3.492461,82,7019,556.8452920000055,0179dd5f5973c04e45f0f8c49a4ddc21a70586e7595927bf8b1b9b461ef8fb79,True
lookup-estimate-gene,3.997713,44896,510560,547.7560420000032,f4ffff182a5942485ff3692be5ccb691a3cfee4305408a819a9396e79fc1e018,True
lookup-estimate-study,3.0611919999999997,548,13834,552.4804159999803,336a7ac53d70b38ccb4acdf8fb4d43c45a369c9e409c3e524fc97ad3e644ecc0,True
160-before-TP53-mutation,991.7907809999999,30599882,567050014,1704.5619589999994,cf00897ce4f457d356cf2328b352feb2ac04c17f0921bf8d2261a4a6aa57b359,True
160-after-TP53-mutation,394.833756,30599882,567050014,992.6553749999982,cf00897ce4f457d356cf2328b352feb2ac04c17f0921bf8d2261a4a6aa57b359,True
160-before-TP53-amplification,875.868172,43829849,681771092,1420.1949170000034,a606af3f1c1e156ec68233e94e5839af16f45ce4b3021be575b99b748a253aa5,True
160-after-TP53-amplification,489.164942,43829849,681771092,1058.4136670000034,a606af3f1c1e156ec68233e94e5839af16f45ce4b3021be575b99b748a253aa5,True
160-before-TP53-deep_deletion,753.2711949999999,43829849,702416428,1444.879125,0d1e434a7d30cca8968b8ebf7559f0240cbb33df317c2b672369fbbf6748d4e3,True
160-after-TP53-deep_deletion,468.674918,43829849,702416428,1017.1765409999978,0d1e434a7d30cca8968b8ebf7559f0240cbb33df317c2b672369fbbf6748d4e3,True
160-before-TP53-structural_variant,485.287799,14117465,294297667,1107.8776670000111,127a830177aeab8e79e74802ae041291dd30d20f2b8e663e91ddac7b67d4b99b,True
160-after-TP53-structural_variant,211.079939,14117465,294297667,1033.9795000000008,127a830177aeab8e79e74802ae041291dd30d20f2b8e663e91ddac7b67d4b99b,True
160-before-ERBB2-mutation,744.864888,30599882,538585958,1340.9279579999948,c9f82e685d0dbc8f65946eb7adf35f94bec33e228d26c1077494f29d386b906a,True
160-after-ERBB2-mutation,361.58092200000004,30599882,538585958,1035.0320830000044,c9f82e685d0dbc8f65946eb7adf35f94bec33e228d26c1077494f29d386b906a,True
160-before-ERBB2-amplification,765.8470229999999,43829849,701038072,1394.6523749999926,cfc68a74cb53dd43145fb1858a06745ad0605fa4fe309cbeaae1b2700ded8c52,True
160-after-ERBB2-amplification,496.489382,43829849,701038072,1087.266416999995,cfc68a74cb53dd43145fb1858a06745ad0605fa4fe309cbeaae1b2700ded8c52,True
160-before-ERBB2-deep_deletion,732.770927,43829849,680061820,1295.0957500000015,eaaafa52e47c4763ac1b87cfc1e1d09608bcb05d7ca8fc6ff616ef78fd76fbe4,True
160-after-ERBB2-deep_deletion,487.974305,43829849,680061820,1093.7855410000168,eaaafa52e47c4763ac1b87cfc1e1d09608bcb05d7ca8fc6ff616ef78fd76fbe4,True
160-before-ERBB2-structural_variant,572.3734489999999,14117465,290145240,1216.8377079999857,5176ac5875cc9506334cbead1f2e840ca94444bdc78c2c12b37987b3c57b8f0e,True
160-after-ERBB2-structural_variant,270.053228,14117465,290145240,859.1159590000075,5176ac5875cc9506334cbead1f2e840ca94444bdc78c2c12b37987b3c57b8f0e,True
154-frequency-msk_chord_2024,186.82938299999998,6162615,22762255,875.767166000001,a1ed1cb3e1e8ecf8c8546e63099f8d4dfb73ce7ba77977d6b6d55882b6601875,True
154-top-mutation-msk_chord_2024,282.007052,10281781,46600333,838.1557919999984,42edad59dae2b9b529be9fb7a98a23a35d030b7e154ab655013e4c932fdbb031,True
154-profiled-msk_chord_2024,138.47823200000002,2916228,32829525,781.631334,a2286710c31b2ece4f6c8368fdacdd4e244626dce76dd931048c40af5f799f32,True
154-frequency-brca_tcga_pan_can_atlas_2018,82.087744,6432951,16190499,648.4392500000026,47fceac1c82b987207beca98986eb20c1d315eeaab1126144079088b0b7666e0,True
154-top-mutation-brca_tcga_pan_can_atlas_2018,310.14853999999997,10019637,32958606,889.9783749999983,403d1c9a2c9a48e60cf74571b0265c6c3b270de7b7530ff7be2e5bbe40cb6f50,True
154-profiled-brca_tcga_pan_can_atlas_2018,78.306671,2850692,9002888,641.2122500000023,0e8fcfcc9a4e1e872c75502b4b5e92179232f47942953d7223293cc74125a768,True
154-cancer-type-TP53,1348.458135,30599882,567050014,1902.6324999999956,ebb2adb4aa8254bd995a4a696b1dcc5d26da4d25b5d67d0f751dff40e20a900b,True
154-cancer-type-TP53-pan-cancer-tcga,852.742057,30599882,567050014,1408.4847500000137,bcdc4719b176d4a2223ef0fc1115d7ec5de5e2476860cb3688170fc9ad6b8d93,True
154-build-study_gene_alteration_counts-msk_chord_2024,558.546002,13498040,84986876,1231.977875,344f35323587921940386e847ca738c0a9bd8add427ddb8284e441d8d7f8e084,False
154-build-study_gene_alteration_counts-brca_tcga_pan_can_atlas_2018,547.779328,14038712,87346296,1753.960709000001,492497bdbd414cf940c65964c962d139754bf4fc19d099554d534939eeef153a,False
154-build-cancer_type_gene_alteration_counts-msk_chord_2024,997.125005,13718830,91693482,1895.5891250000009,46f874c87163e7d5f5389fba107429685a85abd70c15ee413e37e8bca3d05111,False
154-build-cancer_type_gene_alteration_counts-brca_tcga_pan_can_atlas_2018,1036.698836,14161198,93593018,2821.798417000011,5276c5d0e9b283930b598663a8d779658a38587018e993647740702af963e85c,False
154-build-study_profiled_counts-msk_chord_2024,69.329504,2916228,32829525,698.1030000000032,fe8846c526a8872aa69f1dd5e8e4a7256d76242d044e7874b5697114806743ac,False
154-build-study_profiled_counts-brca_tcga_pan_can_atlas_2018,35.989722,2850692,9002888,686.0305419999975,05c45ea292150d2fbb3bb2137b315ae9b9068cc2ecc30222d42e93eacaeae813,False
