turn,model,latency_s,llm_calls,sql_calls,original_sql_errors,db_time_ms,db_share,status
1:haiku:1,haiku,5.157802736386657,2,1,0,NA,NA,SQL inputs unavailable
2:haiku:1,haiku,5.815231112763286,2,0,0,NA,NA,SQL inputs unavailable
3:haiku:1,haiku,4.259172705933452,2,0,0,NA,NA,SQL inputs unavailable
1:sonnet:1,sonnet,11.634661801159382,3,1,0,NA,NA,SQL inputs unavailable
2:sonnet:1,sonnet,9.457236524671316,2,0,0,NA,NA,SQL inputs unavailable
4:haiku:1,haiku,16.81234027631581,9,3,0,NA,NA,SQL inputs unavailable
3:sonnet:1,sonnet,21.027111388742924,6,2,0,NA,NA,SQL inputs unavailable
5:haiku:1,haiku,11.023726087063551,4,1,0,NA,NA,SQL inputs unavailable
4:sonnet:1,sonnet,29.087556401267648,8,1,0,NA,NA,SQL inputs unavailable
5:sonnet:1,sonnet,24.910919535905123,6,1,0,NA,NA,SQL inputs unavailable
6:haiku:1,haiku,17.694695530459285,6,3,0,NA,NA,SQL inputs unavailable
6:sonnet:1,sonnet,26.65050865523517,7,3,0,NA,NA,SQL inputs unavailable
7:haiku:1,haiku,28.31136362813413,11,5,0,NA,NA,SQL inputs unavailable
8:haiku:1,haiku,18.648123156279325,8,4,0,NA,NA,SQL inputs unavailable
9:haiku:1,haiku,32.340863328427076,11,4,1,NA,NA,SQL inputs unavailable
8:sonnet:1,sonnet,80.45272585749626,17,7,0,NA,NA,SQL inputs unavailable
10:haiku:1,haiku,10.281781485304236,4,1,0,NA,NA,SQL inputs unavailable
7:sonnet:1,sonnet,137.912033399567,16,13,0,NA,NA,SQL inputs unavailable
11:haiku:1,haiku,17.924767000600696,6,1,0,NA,NA,SQL inputs unavailable
10:sonnet:1,sonnet,53.728977244347334,11,6,0,NA,NA,SQL inputs unavailable
12:haiku:1,haiku,23.240528220310807,11,5,0,NA,NA,SQL inputs unavailable
11:sonnet:1,sonnet,51.56623266078532,12,2,0,NA,NA,SQL inputs unavailable
12:sonnet:1,sonnet,19.615625889971852,5,1,0,NA,NA,SQL inputs unavailable
13:haiku:1,haiku,10.927993010729551,4,1,0,NA,NA,SQL inputs unavailable
14:haiku:1,haiku,22.944662211462855,7,3,0,NA,NA,SQL inputs unavailable
9:sonnet:1,sonnet,203.50576697662473,23,16,0,NA,NA,SQL inputs unavailable
15:haiku:1,haiku,8.04031858406961,4,1,0,NA,NA,SQL inputs unavailable
15:sonnet:1,sonnet,14.54812023229897,4,1,0,NA,NA,SQL inputs unavailable
13:sonnet:1,sonnet,83.7190922126174,19,7,0,NA,NA,SQL inputs unavailable
16:haiku:1,haiku,12.977247714996338,5,2,0,NA,NA,SQL inputs unavailable
14:sonnet:1,sonnet,70.77970445714891,9,4,0,NA,NA,SQL inputs unavailable
17:haiku:1,haiku,11.223792985081673,5,2,0,NA,NA,SQL inputs unavailable
16:sonnet:1,sonnet,42.340865548700094,9,4,0,NA,NA,SQL inputs unavailable
17:sonnet:1,sonnet,29.450693048536777,8,2,0,NA,NA,SQL inputs unavailable
19:haiku:1,haiku,23.36365805566311,8,3,0,NA,NA,SQL inputs unavailable
19:sonnet:1,sonnet,72.22583297640085,15,3,0,NA,NA,SQL inputs unavailable
20:haiku:1,haiku,16.30458363890648,6,1,0,NA,NA,SQL inputs unavailable
18:sonnet:1,sonnet,113.80673221126199,14,11,0,NA,NA,SQL inputs unavailable
21:haiku:1,haiku,41.94615301117301,10,4,0,NA,NA,SQL inputs unavailable
20:sonnet:1,sonnet,48.038245959207416,10,3,0,NA,NA,SQL inputs unavailable
18:haiku:1,haiku,77.05015107616782,25,15,0,NA,NA,SQL inputs unavailable
21:sonnet:1,sonnet,70.45094776339829,10,3,0,NA,NA,SQL inputs unavailable
23:haiku:1,haiku,48.29755949229002,11,5,0,NA,NA,SQL inputs unavailable
22:haiku:1,haiku,67.65359867177904,13,8,0,NA,NA,SQL inputs unavailable
23:sonnet:1,sonnet,86.73087208531797,10,6,0,NA,NA,SQL inputs unavailable
22:sonnet:1,sonnet,163.4004491623491,22,18,0,NA,NA,SQL inputs unavailable
24:sonnet:1,sonnet,40.9184813182801,6,3,0,NA,NA,SQL inputs unavailable
24:haiku:1,haiku,89.75653124973178,21,19,0,NA,NA,SQL inputs unavailable
25:haiku:1,haiku,45.300371719524264,9,4,0,NA,NA,SQL inputs unavailable
26:haiku:1,haiku,15.6774408724159,5,2,0,NA,NA,SQL inputs unavailable
26:sonnet:1,sonnet,33.77948728762567,7,3,0,NA,NA,SQL inputs unavailable
25:sonnet:1,sonnet,132.37600175477564,12,8,0,NA,NA,SQL inputs unavailable
27:haiku:1,haiku,144.0379887651652,18,19,0,NA,NA,SQL inputs unavailable
28:haiku:1,haiku,131.48377236910164,14,9,0,NA,NA,SQL inputs unavailable
27:sonnet:1,sonnet,253.63514193706214,21,13,0,NA,NA,SQL inputs unavailable
29:haiku:1,haiku,40.59617701172829,13,7,0,NA,NA,SQL inputs unavailable
28:sonnet:1,sonnet,59.587975423783064,9,2,0,NA,NA,SQL inputs unavailable
30:haiku:1,haiku,52.01451348885894,13,7,0,NA,NA,SQL inputs unavailable
29:sonnet:1,sonnet,60.358338575810194,8,4,0,NA,NA,SQL inputs unavailable
31:haiku:1,haiku,24.537992604076862,8,3,0,NA,NA,SQL inputs unavailable
31:sonnet:1,sonnet,45.86210121773183,8,2,0,NA,NA,SQL inputs unavailable
30:sonnet:1,sonnet,109.07391333766282,9,3,0,NA,NA,SQL inputs unavailable
32:haiku:1,haiku,63.9816876873374,18,8,0,NA,NA,SQL inputs unavailable
33:haiku:1,haiku,34.560520242899656,11,5,0,NA,NA,SQL inputs unavailable
33:sonnet:1,sonnet,36.46283252723515,6,2,0,NA,NA,SQL inputs unavailable
34:haiku:1,haiku,21.19148095138371,7,2,0,NA,NA,SQL inputs unavailable
32:sonnet:1,sonnet,98.63275762088597,19,15,0,NA,NA,SQL inputs unavailable
34:sonnet:1,sonnet,46.91766947321594,8,3,0,NA,NA,SQL inputs unavailable
36:haiku:1,haiku,32.29020958580077,9,4,0,NA,NA,SQL inputs unavailable
35:haiku:1,haiku,78.10106683708727,18,10,0,NA,NA,SQL inputs unavailable
36:sonnet:1,sonnet,52.87022413313389,9,5,0,NA,NA,SQL inputs unavailable
37:haiku:1,haiku,37.766100358217955,11,6,0,NA,NA,SQL inputs unavailable
35:sonnet:1,sonnet,186.28678124584258,20,15,0,NA,NA,SQL inputs unavailable
37:sonnet:1,sonnet,98.09724937193096,12,6,0,NA,NA,SQL inputs unavailable
38:sonnet:1,sonnet,27.215022329241037,4,0,0,NA,NA,SQL inputs unavailable
38:haiku:1,haiku,66.74408954754472,17,11,1,NA,NA,SQL inputs unavailable
39:sonnet:1,sonnet,41.4447072353214,3,0,0,NA,NA,SQL inputs unavailable
39:haiku:1,haiku,56.998255079612136,16,9,0,NA,NA,SQL inputs unavailable
40:haiku:1,haiku,69.00051254592836,17,10,0,NA,NA,SQL inputs unavailable
41:haiku:1,haiku,86.26192277297378,23,14,0,NA,NA,SQL inputs unavailable
41:sonnet:1,sonnet,63.031486419960856,8,3,0,NA,NA,SQL inputs unavailable
42:haiku:1,haiku,42.838897401466966,11,4,1,NA,NA,SQL inputs unavailable
40:sonnet:1,sonnet,162.9269585032016,18,7,0,NA,NA,SQL inputs unavailable
43:haiku:1,haiku,62.2869164198637,10,5,0,NA,NA,SQL inputs unavailable
44:haiku:1,haiku,69.44337602518499,19,12,0,NA,NA,SQL inputs unavailable
43:sonnet:1,sonnet,121.2283974494785,14,7,0,NA,NA,SQL inputs unavailable
45:haiku:1,haiku,78.92083080112934,21,17,0,NA,NA,SQL inputs unavailable
44:sonnet:1,sonnet,118.64406217820942,18,11,0,NA,NA,SQL inputs unavailable
46:haiku:1,haiku,48.3275146856904,13,6,0,NA,NA,SQL inputs unavailable
45:sonnet:1,sonnet,116.67096100188792,14,6,0,NA,NA,SQL inputs unavailable
47:haiku:1,haiku,40.636592304334044,9,3,0,NA,NA,SQL inputs unavailable
46:sonnet:1,sonnet,103.33280877768993,12,6,0,NA,NA,SQL inputs unavailable
48:haiku:1,haiku,41.52799015305936,12,7,0,NA,NA,SQL inputs unavailable
42:sonnet:1,sonnet,140.84354831278324,,0,0,NA,NA,SQL inputs unavailable
47:sonnet:1,sonnet,100.37009307928383,8,4,0,NA,NA,SQL inputs unavailable
49:haiku:1,haiku,42.556762060150504,9,4,0,NA,NA,SQL inputs unavailable
50:haiku:1,haiku,29.421098994091153,7,4,0,NA,NA,SQL inputs unavailable
48:sonnet:1,sonnet,103.11422765254974,12,7,0,NA,NA,SQL inputs unavailable
51:haiku:1,haiku,20.946342254057527,8,5,0,NA,NA,SQL inputs unavailable
49:sonnet:1,sonnet,86.33415880985558,9,7,0,NA,NA,SQL inputs unavailable
52:haiku:1,haiku,24.051513800397515,9,3,0,NA,NA,SQL inputs unavailable
51:sonnet:1,sonnet,42.47958139143884,10,5,0,NA,NA,SQL inputs unavailable
52:sonnet:1,sonnet,32.841105319559574,7,2,0,NA,NA,SQL inputs unavailable
50:sonnet:1,sonnet,87.88628667593002,10,5,0,NA,NA,SQL inputs unavailable
53:haiku:1,haiku,29.56183620914817,10,5,0,NA,NA,SQL inputs unavailable
53:sonnet:1,sonnet,27.965661635622382,7,3,0,NA,NA,SQL inputs unavailable
54:haiku:1,haiku,43.27087923139334,16,9,0,NA,NA,SQL inputs unavailable
55:haiku:1,haiku,20.526282373815775,7,3,0,NA,NA,SQL inputs unavailable
56:haiku:1,haiku,9.74823690392077,1,0,0,NA,NA,SQL inputs unavailable
54:sonnet:1,sonnet,67.59550627321005,15,9,0,NA,NA,SQL inputs unavailable
57:haiku:1,haiku,7.576151369139552,1,0,0,NA,NA,SQL inputs unavailable
55:sonnet:1,sonnet,46.51178941503167,8,3,0,NA,NA,SQL inputs unavailable
57:sonnet:1,sonnet,14.165995202958584,1,0,0,NA,NA,SQL inputs unavailable
56:sonnet:1,sonnet,146.16885470971465,19,21,0,NA,NA,SQL inputs unavailable
58:sonnet:1,sonnet,132.86206309497356,13,7,0,NA,NA,SQL inputs unavailable
59:haiku:1,haiku,32.4971337094903,13,8,0,NA,NA,SQL inputs unavailable
58:haiku:1,haiku,58.83513125963509,13,8,0,NA,NA,SQL inputs unavailable
60:haiku:1,haiku,29.571028700098395,9,2,0,NA,NA,SQL inputs unavailable
61:haiku:1,haiku,27.000629676505923,8,2,0,NA,NA,SQL inputs unavailable
59:sonnet:1,sonnet,157.0522066950798,15,16,0,NA,NA,SQL inputs unavailable
60:sonnet:1,sonnet,140.61817012168467,12,5,0,NA,NA,SQL inputs unavailable
61:sonnet:1,sonnet,108.56135787442327,9,3,0,NA,NA,SQL inputs unavailable
62:sonnet:1,sonnet,80.65246745571494,7,3,0,NA,NA,SQL inputs unavailable
63:haiku:1,haiku,98.89837430790067,20,15,0,NA,NA,SQL inputs unavailable
64:haiku:1,haiku,33.61074503697455,8,2,0,NA,NA,SQL inputs unavailable
62:haiku:1,haiku,29.23431758955121,10,5,0,NA,NA,SQL inputs unavailable
63:sonnet:1,sonnet,115.12845929339528,11,6,0,NA,NA,SQL inputs unavailable
65:haiku:1,haiku,54.86371509172022,13,7,0,NA,NA,SQL inputs unavailable
65:sonnet:1,sonnet,84.97575356252491,13,8,0,NA,NA,SQL inputs unavailable
64:sonnet:1,sonnet,155.11464384943247,13,8,0,NA,NA,SQL inputs unavailable
66:haiku:1,haiku,39.943109940737486,11,8,0,NA,NA,SQL inputs unavailable
67:haiku:1,haiku,88.01847348921001,24,18,0,NA,NA,SQL inputs unavailable
66:sonnet:1,sonnet,99.91455831751227,11,13,0,NA,NA,SQL inputs unavailable
68:haiku:1,haiku,33.89841356314719,8,3,0,NA,NA,SQL inputs unavailable
69:haiku:1,haiku,16.735654547810555,5,2,0,NA,NA,SQL inputs unavailable
67:sonnet:1,sonnet,98.5295319519937,13,10,0,NA,NA,SQL inputs unavailable
68:sonnet:1,sonnet,72.4007885362953,9,4,0,NA,NA,SQL inputs unavailable
70:haiku:1,haiku,46.97006112150848,17,13,0,NA,NA,SQL inputs unavailable
69:sonnet:1,sonnet,164.70053609088063,12,7,0,NA,NA,SQL inputs unavailable
71:haiku:1,haiku,12.987109852954745,3,0,0,NA,NA,SQL inputs unavailable
72:haiku:1,haiku,17.998622315004468,8,4,0,NA,NA,SQL inputs unavailable
71:sonnet:1,sonnet,90.52377891540527,8,2,0,NA,NA,SQL inputs unavailable
72:sonnet:1,sonnet,68.49393351562321,15,13,0,NA,NA,SQL inputs unavailable
73:haiku:1,haiku,28.51086981035769,10,5,0,NA,NA,SQL inputs unavailable
73:sonnet:1,sonnet,45.641331581398845,10,3,0,NA,NA,SQL inputs unavailable
70:sonnet:1,sonnet,104.75544479675591,15,9,0,NA,NA,SQL inputs unavailable
74:haiku:1,haiku,30.588995123282075,11,6,0,NA,NA,SQL inputs unavailable
75:haiku:1,haiku,34.94838498905301,17,10,0,NA,NA,SQL inputs unavailable
76:haiku:1,haiku,5.142441552132368,1,0,0,NA,NA,SQL inputs unavailable
76:sonnet:1,sonnet,6.5665732230991125,1,0,0,NA,NA,SQL inputs unavailable
75:sonnet:1,sonnet,39.44492823816836,10,5,0,NA,NA,SQL inputs unavailable
74:sonnet:1,sonnet,78.8722157087177,12,4,0,NA,NA,SQL inputs unavailable
78:haiku:1,haiku,6.95395078510046,1,0,0,NA,NA,SQL inputs unavailable
77:haiku:1,haiku,37.66030655056238,19,11,0,NA,NA,SQL inputs unavailable
79:haiku:1,haiku,15.84759310260415,5,0,0,NA,NA,SQL inputs unavailable
78:sonnet:1,sonnet,19.832754112780094,3,0,0,NA,NA,SQL inputs unavailable
79:sonnet:1,sonnet,33.53630227409303,5,0,0,NA,NA,SQL inputs unavailable
80:haiku:1,haiku,67.4314192738384,23,14,0,NA,NA,SQL inputs unavailable
77:sonnet:1,sonnet,138.99119579419494,24,13,0,NA,NA,SQL inputs unavailable
81:haiku:1,haiku,58.381153682246804,14,8,0,NA,NA,SQL inputs unavailable
81:sonnet:1,sonnet,64.17768414318562,14,5,0,NA,NA,SQL inputs unavailable
82:haiku:1,haiku,31.29386030882597,8,5,0,NA,NA,SQL inputs unavailable
80:sonnet:1,sonnet,130.91329917311668,17,4,0,NA,NA,SQL inputs unavailable
83:haiku:1,haiku,36.80841080844402,6,2,0,NA,NA,SQL inputs unavailable
84:haiku:1,haiku,10.402668489143252,3,0,0,NA,NA,SQL inputs unavailable
82:sonnet:1,sonnet,72.12698998115957,10,5,0,NA,NA,SQL inputs unavailable
85:haiku:1,haiku,72.64617978967726,4,0,0,NA,NA,SQL inputs unavailable
83:sonnet:1,sonnet,166.05310045555234,10,3,0,NA,NA,SQL inputs unavailable
84:sonnet:1,sonnet,143.4262366462499,18,4,0,NA,NA,SQL inputs unavailable
86:haiku:1,haiku,55.46373845823109,17,10,0,NA,NA,SQL inputs unavailable
87:haiku:1,haiku,29.845101732760668,9,3,0,NA,NA,SQL inputs unavailable
85:sonnet:1,sonnet,171.02768353931606,20,7,0,NA,NA,SQL inputs unavailable
86:sonnet:1,sonnet,116.44282623939216,19,11,0,NA,NA,SQL inputs unavailable
88:haiku:1,haiku,4.971820808947086,1,0,0,NA,NA,SQL inputs unavailable
89:haiku:1,haiku,10.3347457498312,4,1,0,NA,NA,SQL inputs unavailable
88:sonnet:1,sonnet,16.550530452281237,1,0,0,NA,NA,SQL inputs unavailable
87:sonnet:1,sonnet,71.73185159265995,12,6,0,NA,NA,SQL inputs unavailable
89:sonnet:1,sonnet,51.319731218740344,11,5,0,NA,NA,SQL inputs unavailable
90:haiku:1,haiku,54.666484566405416,18,12,0,NA,NA,SQL inputs unavailable
91:haiku:1,haiku,80.47656515613198,25,16,0,NA,NA,SQL inputs unavailable
90:sonnet:1,sonnet,155.37685583531857,17,14,0,NA,NA,SQL inputs unavailable
91:sonnet:1,sonnet,109.25219609029591,14,9,0,NA,NA,SQL inputs unavailable
92:haiku:1,haiku,48.35074480250478,14,8,0,NA,NA,SQL inputs unavailable
93:haiku:1,haiku,26.8757757358253,7,4,0,NA,NA,SQL inputs unavailable
92:sonnet:1,sonnet,72.50779221206903,8,3,0,NA,NA,SQL inputs unavailable
94:haiku:1,haiku,43.58818846940994,12,6,0,NA,NA,SQL inputs unavailable
93:sonnet:1,sonnet,66.21056121774018,9,6,0,NA,NA,SQL inputs unavailable
95:haiku:1,haiku,15.784041879698634,5,0,0,NA,NA,SQL inputs unavailable
96:haiku:1,haiku,6.963426671922207,1,0,0,NA,NA,SQL inputs unavailable
95:sonnet:1,sonnet,24.06652388162911,4,0,0,NA,NA,SQL inputs unavailable
96:sonnet:1,sonnet,40.682177394628525,3,0,0,NA,NA,SQL inputs unavailable
97:sonnet:1,sonnet,71.5917336717248,8,2,0,NA,NA,SQL inputs unavailable
98:haiku:1,haiku,7.027848785743117,1,0,0,NA,NA,SQL inputs unavailable
98:sonnet:1,sonnet,57.986259857192636,2,0,0,NA,NA,SQL inputs unavailable
94:sonnet:1,sonnet,208.6812480315566,21,13,0,NA,NA,SQL inputs unavailable
99:haiku:1,haiku,7.1312255281955,1,0,0,NA,NA,SQL inputs unavailable
99:sonnet:1,sonnet,6.712173793464899,1,0,0,NA,NA,SQL inputs unavailable
100:haiku:1,haiku,24.6203025970608,8,4,0,NA,NA,SQL inputs unavailable
101:haiku:1,haiku,12.914761820808053,4,2,0,NA,NA,SQL inputs unavailable
100:sonnet:1,sonnet,49.190673504024744,8,4,0,NA,NA,SQL inputs unavailable
97:haiku:1,haiku,63.609172735363245,12,6,0,NA,NA,SQL inputs unavailable
102:haiku:1,haiku,57.94047381170094,8,5,0,NA,NA,SQL inputs unavailable
101:sonnet:1,sonnet,78.89241127669811,10,2,0,NA,NA,SQL inputs unavailable
102:sonnet:1,sonnet,68.54720344953239,10,4,0,NA,NA,SQL inputs unavailable
103:haiku:1,haiku,68.82360515743494,15,9,0,NA,NA,SQL inputs unavailable
104:haiku:1,haiku,21.518496388569474,2,0,0,NA,NA,SQL inputs unavailable
105:haiku:1,haiku,8.642503943294287,2,0,0,NA,NA,SQL inputs unavailable
104:sonnet:1,sonnet,51.90723763033748,5,1,0,NA,NA,SQL inputs unavailable
105:sonnet:1,sonnet,26.390512224286795,3,0,0,NA,NA,SQL inputs unavailable
106:haiku:1,haiku,38.35832389071584,15,8,0,NA,NA,SQL inputs unavailable
106:sonnet:1,sonnet,38.77762693166733,7,2,0,NA,NA,SQL inputs unavailable
107:haiku:1,haiku,9.31999434158206,2,0,0,NA,NA,SQL inputs unavailable
107:sonnet:1,sonnet,16.306768033653498,3,1,0,NA,NA,SQL inputs unavailable
108:haiku:1,haiku,9.917057730257511,2,0,0,NA,NA,SQL inputs unavailable
103:sonnet:1,sonnet,204.4394762981683,14,17,1,NA,NA,SQL inputs unavailable
109:haiku:1,haiku,34.10207644291222,6,3,0,NA,NA,SQL inputs unavailable
110:haiku:1,haiku,45.90882683172822,11,4,0,NA,NA,SQL inputs unavailable
109:sonnet:1,sonnet,75.73867206647992,9,4,0,NA,NA,SQL inputs unavailable
111:haiku:1,haiku,25.237269757315516,9,4,0,NA,NA,SQL inputs unavailable
110:sonnet:1,sonnet,101.85556095838547,12,7,0,NA,NA,SQL inputs unavailable
111:sonnet:1,sonnet,62.38596364110708,10,4,0,NA,NA,SQL inputs unavailable
112:haiku:1,haiku,15.612276513129473,4,2,0,NA,NA,SQL inputs unavailable
112:sonnet:1,sonnet,34.18779538013041,6,1,0,NA,NA,SQL inputs unavailable
113:sonnet:1,sonnet,165.5009399689734,18,7,0,NA,NA,SQL inputs unavailable
113:haiku:1,haiku,108.22114760614932,18,16,0,NA,NA,SQL inputs unavailable
114:haiku:1,haiku,101.43705229088664,23,13,0,NA,NA,SQL inputs unavailable
115:haiku:1,haiku,92.06217217817903,12,6,0,NA,NA,SQL inputs unavailable
114:sonnet:1,sonnet,123.47258520312607,13,3,0,NA,NA,SQL inputs unavailable
115:sonnet:1,sonnet,32.52899968996644,4,0,0,NA,NA,SQL inputs unavailable
116:haiku:1,haiku,19.40836711227894,7,2,0,NA,NA,SQL inputs unavailable
117:haiku:1,haiku,17.38782668299973,6,1,0,NA,NA,SQL inputs unavailable
116:sonnet:1,sonnet,64.35622331127524,15,7,0,NA,NA,SQL inputs unavailable
118:haiku:1,haiku,12.87433048710227,3,0,0,NA,NA,SQL inputs unavailable
117:sonnet:1,sonnet,53.1552244219929,9,1,0,NA,NA,SQL inputs unavailable
119:haiku:1,haiku,11.488947432488203,3,0,0,NA,NA,SQL inputs unavailable
118:sonnet:1,sonnet,17.367340862751007,3,0,0,NA,NA,SQL inputs unavailable
120:haiku:1,haiku,42.53851977549493,11,5,0,NA,NA,SQL inputs unavailable
119:sonnet:1,sonnet,48.951577415689826,7,2,0,NA,NA,SQL inputs unavailable
121:haiku:1,haiku,9.754175160080194,3,0,0,NA,NA,SQL inputs unavailable
121:sonnet:1,sonnet,17.79806101322174,3,0,0,NA,NA,SQL inputs unavailable
122:haiku:1,haiku,8.381639575585723,3,0,0,NA,NA,SQL inputs unavailable
122:sonnet:1,sonnet,13.507455294951797,3,0,0,NA,NA,SQL inputs unavailable
123:haiku:1,haiku,40.55617556348443,10,4,0,NA,NA,SQL inputs unavailable
123:sonnet:1,sonnet,48.530043037608266,3,0,0,NA,NA,SQL inputs unavailable
120:sonnet:1,sonnet,151.04196941293776,17,11,0,NA,NA,SQL inputs unavailable
108:sonnet:1,sonnet,286.01778237335384,16,18,0,NA,NA,SQL inputs unavailable
124:haiku:1,haiku,21.759150125086308,3,0,0,NA,NA,SQL inputs unavailable
125:haiku:1,haiku,23.088643606752157,9,4,0,NA,NA,SQL inputs unavailable
126:haiku:1,haiku,17.005498725920916,6,3,0,NA,NA,SQL inputs unavailable
124:sonnet:1,sonnet,71.02561653964221,6,0,0,NA,NA,SQL inputs unavailable
127:haiku:1,haiku,11.86158087104559,3,0,0,NA,NA,SQL inputs unavailable
125:sonnet:1,sonnet,90.36445897072554,10,6,0,NA,NA,SQL inputs unavailable
128:haiku:1,haiku,6.7347898837178946,3,0,0,NA,NA,SQL inputs unavailable
128:sonnet:1,sonnet,11.98340698890388,3,0,0,NA,NA,SQL inputs unavailable
126:sonnet:1,sonnet,82.84699946828187,14,7,0,NA,NA,SQL inputs unavailable
129:haiku:1,haiku,11.677697382867336,3,0,0,NA,NA,SQL inputs unavailable
130:haiku:1,haiku,11.501727294176817,3,0,0,NA,NA,SQL inputs unavailable
129:sonnet:1,sonnet,77.67266904935241,8,3,0,NA,NA,SQL inputs unavailable
127:sonnet:1,sonnet,144.10966119542718,23,17,0,NA,NA,SQL inputs unavailable
130:sonnet:1,sonnet,85.69857117533684,9,3,0,NA,NA,SQL inputs unavailable
132:haiku:1,haiku,14.37392863444984,3,0,0,NA,NA,SQL inputs unavailable
131:haiku:1,haiku,46.95491658337414,14,7,0,NA,NA,SQL inputs unavailable
133:haiku:1,haiku,17.3047461155802,6,1,0,NA,NA,SQL inputs unavailable
132:sonnet:1,sonnet,38.097439704462886,4,1,0,NA,NA,SQL inputs unavailable
134:haiku:1,haiku,101.02423670142889,14,7,0,NA,NA,SQL inputs unavailable
133:sonnet:1,sonnet,133.81272304803133,16,4,0,NA,NA,SQL inputs unavailable
131:sonnet:1,sonnet,185.33545219898224,16,4,0,NA,NA,SQL inputs unavailable
134:sonnet:1,sonnet,62.86610426194966,7,2,0,NA,NA,SQL inputs unavailable
136:haiku:1,haiku,47.861691968515515,13,4,0,NA,NA,SQL inputs unavailable
135:sonnet:1,sonnet,113.73087914288044,15,12,0,NA,NA,SQL inputs unavailable
137:haiku:1,haiku,24.52761372551322,10,5,0,NA,NA,SQL inputs unavailable
135:haiku:1,haiku,82.89386541955173,19,14,0,NA,NA,SQL inputs unavailable
137:sonnet:1,sonnet,70.98040121048689,14,7,0,NA,NA,SQL inputs unavailable
138:haiku:1,haiku,33.30388021096587,11,6,0,NA,NA,SQL inputs unavailable
138:sonnet:1,sonnet,21.413558546453714,3,0,0,NA,NA,SQL inputs unavailable
139:haiku:1,haiku,29.435490062460303,9,3,0,NA,NA,SQL inputs unavailable
139:sonnet:1,sonnet,25.712556520476937,3,0,0,NA,NA,SQL inputs unavailable
136:sonnet:1,sonnet,114.03056779131293,13,7,0,NA,NA,SQL inputs unavailable
140:haiku:1,haiku,29.83970263414085,8,3,0,NA,NA,SQL inputs unavailable
141:haiku:1,haiku,55.180958526209,12,6,0,NA,NA,SQL inputs unavailable
142:haiku:1,haiku,13.925591804087162,3,0,0,NA,NA,SQL inputs unavailable
142:sonnet:1,sonnet,32.912012776359916,3,0,0,NA,NA,SQL inputs unavailable
143:haiku:1,haiku,22.353589540347457,8,5,0,NA,NA,SQL inputs unavailable
141:sonnet:1,sonnet,135.4215296600014,15,14,0,NA,NA,SQL inputs unavailable
140:sonnet:1,sonnet,157.5027785655111,14,12,0,NA,NA,SQL inputs unavailable
144:haiku:1,haiku,52.941799787804484,19,9,0,NA,NA,SQL inputs unavailable
143:sonnet:1,sonnet,87.98475594818592,9,4,0,NA,NA,SQL inputs unavailable
145:haiku:1,haiku,48.70977840013802,13,8,0,NA,NA,SQL inputs unavailable
146:haiku:1,haiku,19.774632420390844,6,2,0,NA,NA,SQL inputs unavailable
145:sonnet:1,sonnet,182.2036225516349,11,7,0,NA,NA,SQL inputs unavailable
146:sonnet:1,sonnet,47.15051164664328,8,4,0,NA,NA,SQL inputs unavailable
144:sonnet:1,sonnet,94.47923123277724,13,8,0,NA,NA,SQL inputs unavailable
